code;unemployment rate
Achères-la-Forêt (77001);7,4
Amillis (77002);7,7
Amponville (77003);5,2
Andrezel (77004);4,8
Annet-sur-Marne (77005);7,6
Arbonne-la-Forêt (77006);8,7
Argentières (77007);4,9
Armentières-en-Brie (77008);18,5
Arville (77009);6,6
Aubepierre-Ozouer-le-Repos (77010);5,7
Aufferville (77011);12,1
Augers-en-Brie (77012);13,1
Aulnoy (77013);5,8
Avon (77014);12,8
Baby (77015);6,3
Bagneaux-sur-Loing (77016);17,5
Bailly-Romainvilliers (77018);8,7
Balloy (77019);6,1
Bannost-Villegagnon (77020);6,7
Barbey (77021);7,6
Barbizon (77022);12,1
Barcy (77023);9,0
Bassevelle (77024);11,6
Bazoches-lès-Bray (77025);8,7
Beauchery-Saint-Martin (77026);14,3
Beaumont-du-Gâtinais (77027);14,7
Beautheil (77028);5,9
Beauvoir (77029);9,7
Bellot (77030);7,1
Bernay-Vilbert (77031);8,2
Beton-Bazoches (77032);9,3
Bezalles (77033);11,5
Blandy (77034);6,7
Blennes (77035);10,2
Boisdon (77036);8,7
Bois-le-Roi (77037);6,7
Boissettes (77038);8,4
Boissise-la-Bertrand (77039);7,8
Boissise-le-Roi (77040);8,3
Boissy-aux-Cailles (77041);6,3
Boissy-le-Châtel (77042);10,6
Boitron (77043);11,6
Bombon (77044);5,7
Bougligny (77045);9,0
Boulancourt (77046);10,1
Bouleurs (77047);8,8
Bourron-Marlotte (77048);10,1
Boutigny (77049);6,1
Bransles (77050);12,8
Bray-sur-Seine (77051);14,8
Bréau (77052);10,6
Brie-Comte-Robert (77053);9,3
Brosse-Montceaux (77054);14,6
Brou-sur-Chantereine (77055);10,2
Burcy (77056);6,9
Bussières (77057);15,0
Bussy-Saint-Georges (77058);9,8
Bussy-Saint-Martin (77059);11,2
Buthiers (77060);8,9
Cannes-Écluse (77061);8,1
Carnetin (77062);6,5
Celle-sur-Morin (77063);9,1
Cély (77065);6,5
Cerneux (77066);14,5
Cesson (77067);8,3
Cessoy-en-Montois (77068);7,4
Chailly-en-Bière (77069);10,6
Chailly-en-Brie (77070);10,3
Chaintreaux (77071);11,1
Chalautre-la-Grande (77072);10,5
Chalautre-la-Petite (77073);4,6
Chalifert (77075);11,7
Chalmaison (77076);10,6
Chambry (77077);7,0
Chamigny (77078);11,7
Champagne-sur-Seine (77079);15,8
Champcenest (77080);12,6
Champdeuil (77081);6,4
Champeaux (77082);8,0
Champs-sur-Marne (77083);13,2
Changis-sur-Marne (77084);8,9
Chanteloup-en-Brie (77085);8,5
Chapelle-Gauthier (77086);11,4
Chapelle-Iger (77087);9,4
Chapelle-la-Reine (77088);10,1
Chapelle-Rablais (77089);6,1
Chapelle-Saint-Sulpice (77090);9,8
Chapelles-Bourbon (77091);5,4
Chapelle-Moutils (77093);12,1
Charmentray (77094);7,0
Charny (77095);6,3
Chartrettes (77096);5,2
Chartronges (77097);4,7
Châteaubleau (77098);9,9
Château-Landon (77099);14,2
Châtelet-en-Brie (77100);9,8
Châtenay-sur-Seine (77101);12,3
Châtenoy (77102);4,9
Châtillon-la-Borde (77103);4,8
Châtres (77104);4,5
Chauffry (77106);9,5
Chaumes-en-Brie (77107);8,8
Chelles (77108);11,9
Chenoise (77109);11,5
Chenou (77110);8,5
Chessy (77111);8,5
Chevrainvilliers (77112);2,0
Chevru (77113);10,0
Chevry-Cossigny (77114);6,8
Chevry-en-Sereine (77115);7,4
Choisy-en-Brie (77116);8,2
Citry (77117);11,6
Claye-Souilly (77118);9,8
Clos-Fontaine (77119);8,8
Cocherel (77120);13,0
Collégien (77121);10,6
Combs-la-Ville (77122);10,9
Compans (77123);7,9
Conches-sur-Gondoire (77124);8,5
Condé-Sainte-Libiaire (77125);8,4
Congis-sur-Thérouanne (77126);10,7
Coubert (77127);6,2
Couilly-Pont-aux-Dames (77128);8,7
Coulombs-en-Valois (77129);13,2
Coulommes (77130);10,3
Coulommiers (77131);15,3
Coupvray (77132);6,8
Courcelles-en-Bassée (77133);4,3
Courchamp (77134);4,2
Courpalay (77135);7,6
Courquetaine (77136);7,5
Courtacon (77137);8,7
Courtomer (77138);8,5
Courtry (77139);8,7
Coutençon (77140);7,6
Coutevroult (77141);7,5
Crécy-la-Chapelle (77142);9,7
Crégy-lès-Meaux (77143);11,5
Crèvecœur-en-Brie (77144);5,4
Crisenoy (77145);6,0
Croissy-Beaubourg (77146);9,0
Croix-en-Brie (77147);7,6
Crouy-sur-Ourcq (77148);12,5
Cucharmoy (77149);9,9
Cuisy (77150);5,5
Dagny (77151);5,2
Dammarie-les-Lys (77152);17,2
Dammartin-en-Goële (77153);8,9
Dammartin-sur-Tigeaux (77154);5,6
Dampmart (77155);9,7
Darvault (77156);10,8
Dhuisy (77157);13,7
Diant (77158);7,0
Donnemarie-Dontilly (77159);12,9
Dormelles (77161);7,7
Doue (77162);10,9
Douy-la-Ramée (77163);8,7
Échouboulains (77164);7,1
Écrennes (77165);5,7
Égligny (77167);8,8
Égreville (77168);11,6
Émerainville (77169);11,7
Esbly (77171);7,8
Esmans (77172);11,2
Étrépilly (77173);7,8
Everly (77174);12,3
Évry-Grégy-sur-Yerre (77175);6,1
Faremoutiers (77176);9,5
Favières (77177);9,0
Faÿ-lès-Nemours (77178);7,2
Féricy (77179);6,6
Férolles-Attilly (77180);6,9
Ferrières-en-Brie (77181);6,8
Ferté-Gaucher (77182);21,4
Ferté-sous-Jouarre (77183);16,3
Flagy (77184);7,6
Fleury-en-Bière (77185);5,1
Fontainebleau (77186);11,1
Fontaine-Fourches (77187);17,0
Fontaine-le-Port (77188);6,9
Fontains (77190);6,7
Fontenailles (77191);8,4
Fontenay-Trésigny (77192);10,8
Forfry (77193);5,9
Forges (77194);12,9
Fouju (77195);7,4
Fresnes-sur-Marne (77196);5,2
Frétoy (77197);8,2
Fromont (77198);7,4
Fublaines (77199);7,9
Garentreville (77200);11,5
Gastins (77201);8,2
Genevraye (77202);7,3
Germigny-l'Évêque (77203);11,1
Germigny-sous-Coulombs (77204);14,3
Gesvres-le-Chapitre (77205);7,1
Giremoutiers (77206);10,9
Gironville (77207);10,8
Gouaix (77208);14,8
Gouvernes (77209);8,6
Grande-Paroisse (77210);11,2
Grandpuits-Bailly-Carrois (77211);11,0
Gravon (77212);7,5
Gressy (77214);6,7
Gretz-Armainvilliers (77215);11,9
Grez-sur-Loing (77216);8,6
Grisy-Suisnes (77217);6,8
Grisy-sur-Seine (77218);17,5
Guérard (77219);7,3
Guercheville (77220);5,9
Guermantes (77221);7,6
Guignes (77222);9,8
Gurcy-le-Châtel (77223);8,6
Hautefeuille (77224);1,8
Haute-Maison (77225);10,7
Héricy (77226);8,2
Hermé (77227);10,6
Hondevilliers (77228);11,8
Houssaye-en-Brie (77229);7,6
Ichy (77230);6,5
Isles-les-Meldeuses (77231);9,2
Isles-lès-Villenoy (77232);7,3
Iverny (77233);9,3
Jablines (77234);7,1
Jaignes (77235);6,4
Jaulnes (77236);5,4
Jossigny (77237);9,1
Jouarre (77238);11,2
Jouy-le-Châtel (77239);10,7
Jouy-sur-Morin (77240);12,2
Juilly (77241);8,3
Jutigny (77242);10,5
Lagny-sur-Marne (77243);12,3
Larchant (77244);7,4
Laval-en-Brie (77245);9,2
Léchelle (77246);12,3
Lescherolles (77247);10,7
Lesches (77248);6,3
Lésigny (77249);8,6
Leudon-en-Brie (77250);7,0
Lieusaint (77251);10,2
Limoges-Fourches (77252);8,9
Lissy (77253);2,9
Liverdy-en-Brie (77254);5,3
Livry-sur-Seine (77255);7,8
Lizines (77256);11,9
Lizy-sur-Ourcq (77257);17,8
Lognes (77258);15,2
Longperrier (77259);11,2
Longueville (77260);18,7
Lorrez-le-Bocage-Préaux (77261);15,4
Louan-Villegruis-Fontaine (77262);13,6
Luisetaines (77263);5,2
Lumigny-Nesles-Ormeaux (77264);7,9
Luzancy (77265);16,1
Machault (77266);7,2
Madeleine-sur-Loing (77267);7,1
Magny-le-Hongre (77268);7,8
Maincy (77269);11,0
Maisoncelles-en-Brie (77270);8,9
Maisoncelles-en-Gâtinais (77271);12,7
Maison-Rouge (77272);10,3
Marchémoret (77273);7,9
Marcilly (77274);7,7
Marêts (77275);10,9
Mareuil-lès-Meaux (77276);12,5
Marles-en-Brie (77277);8,7
Marolles-en-Brie (77278);9,9
Marolles-sur-Seine (77279);8,4
Mary-sur-Marne (77280);10,4
Mauperthuis (77281);7,7
Mauregard (77282);14,0
May-en-Multien (77283);12,1
Meaux (77284);15,8
Mée-sur-Seine (77285);19,5
Meigneux (77286);7,1
Meilleray (77287);16,6
Melun (77288);16,2
Melz-sur-Seine (77289);11,8
Méry-sur-Marne (77290);8,8
Mesnil-Amelot (77291);13,1
Messy (77292);4,5
Misy-sur-Yonne (77293);11,0
Mitry-Mory (77294);13,2
Moisenay (77295);4,0
Moissy-Cramayel (77296);13,1
Mondreville (77297);8,3
Mons-en-Montois (77298);11,1
Montceaux-lès-Meaux (77300);8,4
Montceaux-lès-Provins (77301);12,1
Montcourt-Fromonville (77302);8,9
Montdauphin (77303);17,1
Montenils (77304);15,8
Montereau-Fault-Yonne (77305);24,4
Montereau-sur-le-Jard (77306);6,2
Montévrain (77307);7,7
Montgé-en-Goële (77308);10,0
Monthyon (77309);9,6
Montigny-le-Guesdier (77310);12,8
Montigny-Lencoup (77311);8,2
Montigny-sur-Loing (77312);6,9
Montmachoux (77313);7,3
Montolivet (77314);5,3
Montry (77315);8,1
Moret Loing et Orvanne (77316);10,1
Mormant (77317);14,3
Mortcerf (77318);7,6
Mortery (77319);7,5
Mouroux (77320);9,4
Mousseaux-lès-Bray (77321);10,8
Moussy-le-Neuf (77322);7,9
Moussy-le-Vieux (77323);8,6
Mouy-sur-Seine (77325);11,9
Nandy (77326);12,8
Nangis (77327);15,2
Nanteau-sur-Essonne (77328);10,0
Nanteau-sur-Lunain (77329);4,3
Nanteuil-lès-Meaux (77330);7,7
Nanteuil-sur-Marne (77331);14,0
Nantouillet (77332);5,1
Nemours (77333);18,3
Chauconin-Neufmontiers (77335);6,4
Neufmoutiers-en-Brie (77336);5,0
Noisiel (77337);15,3
Noisy-Rudignon (77338);8,6
Noisy-sur-École (77339);8,1
Nonville (77340);6,1
Noyen-sur-Seine (77341);15,3
Obsonville (77342);7,3
Ocquerre (77343);11,1
Oissery (77344);8,5
Orly-sur-Morin (77345);10,4
Ormes-sur-Voulzie (77347);8,5
Ormesson (77348);13,4
Othis (77349);10,0
Ozoir-la-Ferrière (77350);10,2
Ozouer-le-Voulgis (77352);7,4
Paley (77353);9,5
Pamfou (77354);4,1
Paroy (77355);10,0
Passy-sur-Seine (77356);10,3
Pécy (77357);7,7
Penchard (77358);8,9
Perthes (77359);8,0
Pézarches (77360);4,9
Pierre-Levée (77361);6,8
Pin (77363);6,7
Plessis-aux-Bois (77364);7,5
Plessis-Feu-Aussoux (77365);6,5
Plessis-l'Évêque (77366);6,8
Plessis-Placy (77367);12,7
Poigny (77368);9,5
Poincy (77369);9,0
Poligny (77370);11,6
Pommeuse (77371);9,9
Pomponne (77372);10,3
Pontault-Combault (77373);10,8
Pontcarré (77374);6,3
Précy-sur-Marne (77376);8,6
Presles-en-Brie (77377);8,0
Pringy (77378);8,6
Provins (77379);21,2
Puisieux (77380);13,7
Quiers (77381);7,8
Quincy-Voisins (77382);6,9
Rampillon (77383);8,0
Réau (77384);9,2
Rebais (77385);14,6
Recloses (77386);6,3
Remauville (77387);10,4
Reuil-en-Brie (77388);10,0
Rochette (77389);11,4
Roissy-en-Brie (77390);11,5
Rouilly (77391);10,3
Rouvres (77392);5,4
Rozay-en-Brie (77393);9,1
Rubelles (77394);12,0
Rumont (77395);6,2
Rupéreux (77396);9,4
Saâcy-sur-Marne (77397);13,1
Sablonnières (77398);9,9
Saint-Ange-le-Viel (77399);4,3
Saint-Augustin (77400);7,7
Sainte-Aulde (77401);8,3
Saint-Barthélemy (77402);7,1
Saint-Brice (77403);11,6
Sainte-Colombe (77404);12,5
Saint-Cyr-sur-Morin (77405);11,5
Saint-Denis-lès-Rebais (77406);9,2
Saint-Fargeau-Ponthierry (77407);9,7
Saint-Fiacre (77408);5,9
Saint-Germain-Laval (77409);13,5
Saint-Germain-Laxis (77410);9,1
Saint-Germain-sous-Doue (77411);4,0
Saint-Germain-sur-École (77412);8,3
Saint-Germain-sur-Morin (77413);5,9
Saint-Hilliers (77414);9,2
Saint-Jean-les-Deux-Jumeaux (77415);10,4
Saint-Just-en-Brie (77416);8,6
Saint-Léger (77417);10,6
Saint-Loup-de-Naud (77418);10,2
Saint-Mammès (77419);9,1
Saint-Mard (77420);9,2
Saint-Mars-Vieux-Maisons (77421);7,6
Saint-Martin-des-Champs (77423);11,1
Saint-Martin-du-Boschet (77424);8,2
Saint-Martin-en-Bière (77425);11,1
Saint-Méry (77426);7,7
Saint-Mesmes (77427);8,7
Saint-Ouen-en-Brie (77428);5,5
Saint-Ouen-sur-Morin (77429);8,1
Saint-Pathus (77430);9,0
Saint-Pierre-lès-Nemours (77431);12,6
Saint-Rémy-la-Vanne (77432);10,8
Saints (77433);7,7
Saint-Sauveur-lès-Bray (77434);3,4
Saint-Sauveur-sur-École (77435);6,6
Saint-Siméon (77436);7,9
Saint-Soupplets (77437);10,4
Saint-Thibault-des-Vignes (77438);10,9
Salins (77439);9,0
Sammeron (77440);9,4
Samois-sur-Seine (77441);9,2
Samoreau (77442);8,1
Sancy (77443);6,5
Sancy-lès-Provins (77444);12,9
Savigny-le-Temple (77445);14,3
Savins (77446);9,3
Seine-Port (77447);7,2
Sept-Sorts (77448);15,6
Serris (77449);10,9
Servon (77450);7,6
Signy-Signets (77451);7,6
Sigy (77452);10,7
Sivry-Courtry (77453);7,2
Sognolles-en-Montois (77454);7,3
Soignolles-en-Brie (77455);9,7
Soisy-Bouy (77456);10,2
Solers (77457);7,2
Souppes-sur-Loing (77458);20,5
Sourdun (77459);9,8
Tancrou (77460);7,4
Thénisy (77461);7,3
Thieux (77462);7,8
Thomery (77463);7,6
Thorigny-sur-Marne (77464);10,2
Thoury-Férottes (77465);8,7
Tigeaux (77466);6,6
Tombe (77467);16,2
Torcy (77468);14,0
Touquin (77469);10,1
Tournan-en-Brie (77470);12,0
Tousson (77471);12,0
Trétoire (77472);9,8
Treuzy-Levelay (77473);6,2
Trilbardou (77474);6,7
Trilport (77475);9,8
Trocy-en-Multien (77476);7,9
Ury (77477);10,3
Ussy-sur-Marne (77478);12,8
Vaires-sur-Marne (77479);11,4
Valence-en-Brie (77480);8,2
Vanvillé (77481);12,8
Varennes-sur-Seine (77482);16,9
Varreddes (77483);10,2
Vaucourtois (77484);5,1
Vaudoué (77485);8,5
Vaudoy-en-Brie (77486);11,6
Vaux-le-Pénil (77487);8,1
Vaux-sur-Lunain (77489);15,9
Vendrest (77490);10,9
Veneux-les-Sablons (77491);9,4
Verdelot (77492);12,6
Verneuil-l'Étang (77493);9,4
Vernou-la-Celle-sur-Seine (77494);8,3
Vert-Saint-Denis (77495);8,7
Vieux-Champagne (77496);7,4
Vignely (77498);5,0
Villebéon (77500);9,3
Villecerf (77501);8,6
Villemaréchal (77504);6,3
Villemareuil (77505);9,8
Villemer (77506);8,7
Villenauxe-la-Petite (77507);11,2
Villeneuve-le-Comte (77508);9,3
Villeneuve-les-Bordes (77509);10,9
Villeneuve-Saint-Denis (77510);5,4
Villeneuve-sous-Dammartin (77511);9,2
Villeneuve-sur-Bellot (77512);12,6
Villenoy (77513);8,4
Villeparisis (77514);11,6
Villeroy (77515);8,5
Ville-Saint-Jacques (77516);7,6
Villevaudé (77517);8,0
Villiers-en-Bière (77518);5,9
Villiers-Saint-Georges (77519);14,2
Villiers-sous-Grez (77520);4,3
Villiers-sur-Morin (77521);8,7
Villiers-sur-Seine (77522);13,4
Villuis (77523);7,3
Vimpelles (77524);12,1
Vinantes (77525);11,6
Vincy-Manœuvre (77526);5,1
Voinsles (77527);10,2
Voisenon (77528);5,0
Voulangis (77529);8,4
Voulton (77530);11,2
Voulx (77531);11,4
Vulaines-lès-Provins (77532);2,3
Vulaines-sur-Seine (77533);8,9
Yèbles (77534);6,2
Ablis (78003);7,0
Achères (78005);12,8
Adainville (78006);7,7
Aigremont (78007);7,4
Allainville (78009);10,7
Alluets-le-Roi (78010);7,5
Andelu (78013);6,2
Andrésy (78015);7,2
Arnouville-lès-Mantes (78020);6,8
Aubergenville (78029);13,4
Auffargis (78030);4,8
Auffreville-Brasseuil (78031);7,4
Aulnay-sur-Mauldre (78033);10,6
Auteuil (78034);3,3
Autouillet (78036);7,0
Bailly (78043);6,8
Bazainville (78048);4,4
Bazemont (78049);6,6
Bazoches-sur-Guyonne (78050);4,5
Béhoust (78053);5,3
Bennecourt (78057);8,7
Beynes (78062);6,5
Blaru (78068);10,6
Boinville-en-Mantois (78070);3,3
Boinville-le-Gaillard (78071);6,7
Boinvilliers (78072);7,0
Bois-d'Arcy (78073);6,4
Boissets (78076);8,9
Boissière-École (78077);9,0
Boissy-Mauvoisin (78082);11,6
Boissy-sans-Avoir (78084);5,3
Bonnelles (78087);7,5
Bonnières-sur-Seine (78089);14,9
Bouafle (78090);10,7
Bougival (78092);7,9
Bourdonné (78096);8,1
Breuil-Bois-Robert (78104);8,4
Bréval (78107);8,4
Bréviaires (78108);8,0
Brueil-en-Vexin (78113);8,4
Buc (78117);7,0
Buchelay (78118);12,8
Bullion (78120);4,1
Carrières-sous-Poissy (78123);13,5
Carrières-sur-Seine (78124);9,8
Celle-les-Bordes (78125);7,4
Celle-Saint-Cloud (78126);10,8
Cernay-la-Ville (78128);6,2
Chambourcy (78133);10,6
Chanteloup-les-Vignes (78138);19,6
Chapet (78140);6,8
Châteaufort (78143);6,4
Chatou (78146);8,1
Chaufour-lès-Bonnières (78147);8,8
Chavenay (78152);7,5
Chesnay (78158);8,0
Chevreuse (78160);6,5
Choisel (78162);12,0
Civry-la-Forêt (78163);8,5
Clairefontaine-en-Yvelines (78164);9,4
Clayes-sous-Bois (78165);9,5
Coignières (78168);11,9
Condé-sur-Vesgre (78171);8,5
Conflans-Sainte-Honorine (78172);8,9
Courgent (78185);5,1
Cravent (78188);10,1
Crespières (78189);7,0
Croissy-sur-Seine (78190);6,9
Dammartin-en-Serve (78192);7,6
Dampierre-en-Yvelines (78193);8,1
Dannemarie (78194);9,9
Davron (78196);10,1
Drocourt (78202);7,6
Ecquevilly (78206);9,6
Élancourt (78208);10,3
Émancé (78209);8,5
Épône (78217);10,7
Essarts-le-Roi (78220);8,3
Étang-la-Ville (78224);6,3
Évecquemont (78227);9,6
Falaise (78230);8,3
Favrieux (78231);9,1
Feucherolles (78233);9,1
Flacourt (78234);6,9
Flexanville (78236);8,3
Flins-Neuve-Église (78237);9,3
Flins-sur-Seine (78238);7,9
Follainville-Dennemont (78239);8,4
Fontenay-le-Fleury (78242);10,9
Fontenay-Mauvoisin (78245);6,2
Fontenay-Saint-Père (78246);8,3
Fourqueux (78251);9,3
Freneuse (78255);13,1
Gaillon-sur-Montcient (78261);8,7
Galluis (78262);4,6
Gambais (78263);7,3
Gambaiseuil (78264);4,2
Garancières (78265);6,0
Gargenville (78267);10,0
Gazeran (78269);7,4
Gommecourt (78276);10,9
Goupillières (78278);7,5
Goussonville (78281);6,6
Grandchamp (78283);8,0
Gressey (78285);5,1
Grosrouvre (78289);7,8
Guernes (78290);9,0
Guerville (78291);5,7
Guitrancourt (78296);7,9
Guyancourt (78297);9,9
Hardricourt (78299);8,9
Hargeville (78300);5,9
Hauteville (78302);5,1
Herbeville (78305);9,3
Hermeray (78307);4,8
Houdan (78310);11,5
Houilles (78311);9,2
Issou (78314);9,0
Jambville (78317);7,0
Jeufosse (78320);13,8
Jouars-Pontchartrain (78321);7,0
Jouy-en-Josas (78322);9,3
Jouy-Mauvoisin (78324);11,6
Jumeauville (78325);5,5
Juziers (78327);10,7
Lainville-en-Vexin (78329);6,7
Lévis-Saint-Nom (78334);6,1
Limay (78335);17,3
Limetz-Villez (78337);7,0
Loges-en-Josas (78343);6,3
Lommoye (78344);7,2
Longnes (78346);8,1
Longvilliers (78349);6,5
Louveciennes (78350);9,2
Magnanville (78354);10,8
Magny-les-Hameaux (78356);9,4
Maisons-Laffitte (78358);7,5
Mantes-la-Jolie (78361);22,3
Mantes-la-Ville (78362);17,2
Marcq (78364);5,4
Mareil-le-Guyon (78366);6,0
Mareil-Marly (78367);6,1
Mareil-sur-Mauldre (78368);6,8
Marly-le-Roi (78372);8,2
Maule (78380);10,1
Maulette (78381);5,9
Maurecourt (78382);8,7
Maurepas (78383);8,8
Médan (78384);7,4
Ménerville (78385);8,3
Méré (78389);7,8
Méricourt (78391);10,6
Mesnil-le-Roi (78396);9,0
Mesnil-Saint-Denis (78397);6,6
Mesnuls (78398);8,8
Meulan-en-Yvelines (78401);12,9
Mézières-sur-Seine (78402);8,6
Mézy-sur-Seine (78403);9,7
Millemont (78404);9,8
Milon-la-Chapelle (78406);5,8
Mittainville (78407);6,2
Moisson (78410);11,0
Mondreville (78413);7,9
Montainville (78415);7,5
Montalet-le-Bois (78416);5,6
Montchauvet (78417);9,2
Montesson (78418);8,7
Montfort-l'Amaury (78420);7,6
Montigny-le-Bretonneux (78423);7,9
Morainvilliers (78431);6,9
Mousseaux-sur-Seine (78437);8,0
Mulcent (78439);5,0
Mureaux (78440);20,4
Neauphle-le-Château (78442);7,0
Neauphle-le-Vieux (78443);6,2
Neauphlette (78444);8,7
Nézel (78451);6,4
Noisy-le-Roi (78455);8,2
Oinville-sur-Montcient (78460);8,7
Orcemont (78464);8,0
Orgerus (78465);6,2
Orgeval (78466);8,8
Orphin (78470);10,2
Orsonville (78472);5,2
Orvilliers (78474);8,2
Osmoy (78475);5,0
Paray-Douaville (78478);5,8
Pecq (78481);8,1
Perdreauville (78484);6,4
Perray-en-Yvelines (78486);7,6
Plaisir (78490);10,8
Poigny-la-Forêt (78497);6,2
Poissy (78498);12,1
Ponthévrard (78499);5,5
Porcheville (78501);10,7
Port-Marly (78502);9,7
Port-Villez (78503);3,5
Prunay-le-Temple (78505);2,4
Prunay-en-Yvelines (78506);7,9
Queue-les-Yvelines (78513);7,9
Raizeux (78516);6,9
Rambouillet (78517);9,4
Rennemoulin (78518);8,0
Richebourg (78520);9,1
Rochefort-en-Yvelines (78522);6,3
Rocquencourt (78524);8,9
Rolleboise (78528);13,8
Rosay (78530);9,5
Rosny-sur-Seine (78531);12,6
Sailly (78536);5,9
Saint-Arnoult-en-Yvelines (78537);8,4
Saint-Cyr-l'École (78545);10,0
Saint-Forget (78548);4,7
Saint-Germain-de-la-Grange (78550);5,6
Saint-Germain-en-Laye (78551);9,6
Saint-Hilarion (78557);7,8
Saint-Illiers-la-Ville (78558);8,9
Saint-Illiers-le-Bois (78559);7,5
Saint-Lambert (78561);4,0
Saint-Léger-en-Yvelines (78562);6,9
Saint-Martin-de-Bréthencourt (78564);7,2
Saint-Martin-des-Champs (78565);11,8
Saint-Martin-la-Garenne (78567);8,4
Sainte-Mesme (78569);10,0
Saint-Nom-la-Bretèche (78571);7,2
Saint-Rémy-lès-Chevreuse (78575);6,7
Saint-Rémy-l'Honoré (78576);7,5
Sartrouville (78586);12,6
Saulx-Marchais (78588);7,6
Senlisse (78590);12,3
Septeuil (78591);9,5
Soindres (78597);9,1
Sonchamp (78601);7,3
Tacoignières (78605);7,0
Tartre-Gaudran (78606);0,0
Tertre-Saint-Denis (78608);14,1
Tessancourt-sur-Aubette (78609);6,2
Thiverval-Grignon (78615);8,6
Thoiry (78616);7,2
Tilly (78618);6,9
Toussus-le-Noble (78620);6,7
Trappes (78621);19,4
Tremblay-sur-Mauldre (78623);6,4
Triel-sur-Seine (78624);10,1
Vaux-sur-Seine (78638);10,4
Vélizy-Villacoublay (78640);6,9
Verneuil-sur-Seine (78642);7,9
Vernouillet (78643);12,9
Verrière (78644);15,4
Versailles (78646);8,2
Vert (78647);6,6
Vésinet (78650);7,9
Vicq (78653);12,8
Vieille-Église-en-Yvelines (78655);9,3
Villeneuve-en-Chevrie (78668);11,5
Villennes-sur-Seine (78672);8,5
Villepreux (78674);6,7
Villette (78677);9,9
Villiers-le-Mahieu (78681);6,6
Villiers-Saint-Frédéric (78683);6,1
Viroflay (78686);6,4
Voisins-le-Bretonneux (78688);6,8
Abbéville-la-Rivière (91001);10,3
Angerville (91016);12,2
Angervilliers (91017);6,5
Arpajon (91021);11,3
Arrancourt (91022);10,0
Athis-Mons (91027);9,2
Authon-la-Plaine (91035);9,5
Auvernaux (91037);6,3
Auvers-Saint-Georges (91038);9,3
Avrainville (91041);5,9
Ballainvilliers (91044);7,9
Ballancourt-sur-Essonne (91045);9,5
Baulne (91047);6,9
Bièvres (91064);8,3
Blandy (91067);10,6
Boigneville (91069);8,0
Bois-Herpin (91075);2,7
Boissy-la-Rivière (91079);6,4
Boissy-le-Cutté (91080);5,8
Boissy-le-Sec (91081);6,5
Boissy-sous-Saint-Yon (91085);6,0
Bondoufle (91086);8,5
Boullay-les-Troux (91093);4,4
Bouray-sur-Juine (91095);6,1
Boussy-Saint-Antoine (91097);9,8
Boutervilliers (91098);5,6
Boutigny-sur-Essonne (91099);6,8
Bouville (91100);5,9
Brétigny-sur-Orge (91103);12,9
Breuillet (91105);8,4
Breux-Jouy (91106);8,0
Brières-les-Scellés (91109);5,1
Briis-sous-Forges (91111);6,6
Brouy (91112);3,6
Brunoy (91114);9,9
Bruyères-le-Châtel (91115);7,6
Buno-Bonnevaux (91121);14,2
Bures-sur-Yvette (91122);8,0
Cerny (91129);5,9
Chalo-Saint-Mars (91130);6,7
Chalou-Moulineux (91131);9,6
Chamarande (91132);7,8
Champcueil (91135);7,3
Champlan (91136);8,2
Champmotteux (91137);4,2
Chatignonville (91145);21,2
Chauffour-lès-Étréchy (91148);8,3
Cheptainville (91156);3,8
Chevannes (91159);5,0
Chilly-Mazarin (91161);10,6
Corbeil-Essonnes (91174);14,8
Corbreuse (91175);7,0
Coudray-Montceaux (91179);9,6
Courances (91180);4,2
Courcouronnes (91182);16,9
Courdimanche-sur-Essonne (91184);11,4
Courson-Monteloup (91186);5,8
Crosne (91191);9,8
Dannemois (91195);10,0
D'Huison-Longueville (91198);7,0
Dourdan (91200);12,3
Draveil (91201);10,9
Écharcon (91204);9,5
Égly (91207);13,2
Épinay-sous-Sénart (91215);17,4
Épinay-sur-Orge (91216);9,5
Estouches (91222);8,5
Étampes (91223);15,9
Étiolles (91225);6,5
Étréchy (91226);8,0
Évry (91228);17,9
Ferté-Alais (91232);10,0
Fleury-Mérogis (91235);11,8
Fontaine-la-Rivière (91240);9,1
Fontenay-lès-Briis (91243);7,3
Fontenay-le-Vicomte (91244);8,4
Forêt-le-Roi (91247);3,7
Forêt-Sainte-Croix (91248);5,0
Forges-les-Bains (91249);7,0
Gif-sur-Yvette (91272);7,4
Gironville-sur-Essonne (91273);6,0
Gometz-la-Ville (91274);6,8
Gometz-le-Châtel (91275);6,9
Granges-le-Roi (91284);6,5
Grigny (91286);23,6
Guibeville (91292);6,6
Guigneville-sur-Essonne (91293);11,7
Guillerval (91294);9,9
Igny (91312);6,6
Itteville (91315);7,2
Janville-sur-Juine (91318);8,4
Janvry (91319);6,5
Juvisy-sur-Orge (91326);10,7
Lardy (91330);6,4
Leudeville (91332);5,2
Leuville-sur-Orge (91333);9,3
Limours (91338);6,9
Linas (91339);8,8
Lisses (91340);9,0
Longjumeau (91345);11,5
Longpont-sur-Orge (91347);7,7
Maisse (91359);8,9
Marcoussis (91363);8,5
Marolles-en-Beauce (91374);4,2
Marolles-en-Hurepoix (91376);8,0
Massy (91377);10,9
Mauchamps (91378);6,4
Mennecy (91386);8,6
Méréville (91390);11,9
Mérobert (91393);9,2
Mespuits (91399);18,6
Milly-la-Forêt (91405);8,0
Moigny-sur-École (91408);8,4
Molières (91411);5,4
Mondeville (91412);9,6
Monnerville (91414);9,7
Montgeron (91421);10,4
Montlhéry (91425);9,2
Morangis (91432);9,6
Morigny-Champigny (91433);6,9
Morsang-sur-Orge (91434);12,0
Morsang-sur-Seine (91435);7,4
Nainville-les-Roches (91441);7,1
Norville (91457);8,2
Nozay (91458);6,6
Ollainville (91461);6,6
Oncy-sur-École (91463);7,2
Ormoy (91468);7,9
Ormoy-la-Rivière (91469);7,5
Orsay (91471);8,1
Orveau (91473);10,0
Palaiseau (91477);7,7
Paray-Vieille-Poste (91479);8,8
Pecqueuse (91482);3,5
Plessis-Pâté (91494);7,2
Plessis-Saint-Benoist (91495);10,8
Prunay-sur-Essonne (91507);8,4
Puiselet-le-Marais (91508);6,7
Pussay (91511);8,2
Quincy-sous-Sénart (91514);13,1
Richarville (91519);8,3
Ris-Orangis (91521);15,8
Roinville (91525);7,3
Roinvilliers (91526);3,8
Saclas (91533);10,3
Saclay (91534);5,1
Saint-Aubin (91538);6,6
Saint-Chéron (91540);7,9
Saint-Cyr-la-Rivière (91544);9,1
Saint-Cyr-sous-Dourdan (91546);5,9
Saint-Escobille (91547);10,7
Sainte-Geneviève-des-Bois (91549);12,8
Saint-Germain-lès-Arpajon (91552);11,5
Saint-Germain-lès-Corbeil (91553);7,4
Saint-Hilaire (91556);7,0
Saint-Jean-de-Beauregard (91560);4,6
Saint-Maurice-Montcouronne (91568);5,0
Saint-Michel-sur-Orge (91570);12,8
Saint-Pierre-du-Perray (91573);9,6
Saintry-sur-Seine (91577);9,9
Saint-Sulpice-de-Favières (91578);8,3
Saint-Vrain (91579);6,0
Saint-Yon (91581);8,7
Saulx-les-Chartreux (91587);8,8
Savigny-sur-Orge (91589);11,3
Sermaise (91593);7,0
Soisy-sur-École (91599);7,6
Soisy-sur-Seine (91600);7,0
Souzy-la-Briche (91602);12,4
Congerville-Thionville (91613);5,7
Tigery (91617);8,1
Torfou (91619);7,1
Valpuiseaux (91629);7,7
Val-Saint-Germain (91630);6,1
Varennes-Jarcy (91631);6,5
Vaugrigneuse (91634);5,4
Vauhallan (91635);5,9
Vayres-sur-Essonne (91639);7,5
Verrières-le-Buisson (91645);7,7
Vert-le-Grand (91648);6,4
Vert-le-Petit (91649);8,4
Videlles (91654);7,6
Vigneux-sur-Seine (91657);15,1
Villabé (91659);10,4
Villebon-sur-Yvette (91661);6,7
Villeconin (91662);8,1
Ville-du-Bois (91665);9,4
Villejust (91666);7,5
Villemoisson-sur-Orge (91667);7,4
Villeneuve-sur-Auvers (91671);5,9
Villiers-le-Bâcle (91679);7,3
Villiers-sur-Orge (91685);9,3
Viry-Châtillon (91687);13,5
Wissous (91689);7,9
Yerres (91691);8,5
Ulis (91692);15,9
Antony (92002);9,4
Asnières-sur-Seine (92004);11,4
Bagneux (92007);16,5
Bois-Colombes (92009);10,3
Boulogne-Billancourt (92012);9,6
Bourg-la-Reine (92014);9,8
Châtenay-Malabry (92019);11,6
Châtillon (92020);9,1
Chaville (92022);7,4
Clamart (92023);10,5
Clichy (92024);14,4
Colombes (92025);14,5
Courbevoie (92026);9,1
Fontenay-aux-Roses (92032);10,5
Garches (92033);9,1
Garenne-Colombes (92035);8,9
Gennevilliers (92036);21,1
Issy-les-Moulineaux (92040);8,3
Levallois-Perret (92044);10,3
Malakoff (92046);12,3
Marnes-la-Coquette (92047);8,5
Meudon (92048);9,4
Montrouge (92049);10,1
Nanterre (92050);15,7
Neuilly-sur-Seine (92051);8,8
Plessis-Robinson (92060);8,1
Puteaux (92062);10,5
Rueil-Malmaison (92063);9,1
Saint-Cloud (92064);7,8
Sceaux (92071);9,4
Sèvres (92072);10,3
Suresnes (92073);10,3
Vanves (92075);9,2
Vaucresson (92076);8,2
Ville-d'Avray (92077);8,4
Villeneuve-la-Garenne (92078);19,2
Aubervilliers (93001);23,8
Aulnay-sous-Bois (93005);19,7
Bagnolet (93006);18,5
Blanc-Mesnil (93007);21,7
Bobigny (93008);23,5
Bondy (93010);21,5
Bourget (93013);18,1
Clichy-sous-Bois (93014);25,0
Coubron (93015);8,9
Courneuve (93027);27,0
Drancy (93029);19,9
Dugny (93030);19,3
Épinay-sur-Seine (93031);17,6
Gagny (93032);13,3
Gournay-sur-Marne (93033);8,1
Île-Saint-Denis (93039);22,8
Lilas (93045);14,1
Livry-Gargan (93046);12,7
Montfermeil (93047);16,7
Montreuil (93048);17,9
Neuilly-Plaisance (93049);11,2
Neuilly-sur-Marne (93050);14,4
Noisy-le-Grand (93051);13,9
Noisy-le-Sec (93053);21,4
Pantin (93055);19,1
Pavillons-sous-Bois (93057);12,2
Pierrefitte-sur-Seine (93059);22,3
Pré-Saint-Gervais (93061);17,4
Raincy (93062);11,2
Romainville (93063);19,5
Rosny-sous-Bois (93064);14,3
Saint-Denis (93066);23,8
Saint-Ouen (93070);19,0
Sevran (93071);19,6
Stains (93072);22,2
Tremblay-en-France (93073);14,9
Vaujours (93074);10,8
Villemomble (93077);11,9
Villepinte (93078);19,6
Villetaneuse (93079);25,5
Ablon-sur-Seine (94001);11,5
Alfortville (94002);15,8
Arcueil (94003);13,8
Boissy-Saint-Léger (94004);15,4
Bonneuil-sur-Marne (94011);15,8
Bry-sur-Marne (94015);8,0
Cachan (94016);12,6
Champigny-sur-Marne (94017);14,9
Charenton-le-Pont (94018);10,1
Chennevières-sur-Marne (94019);14,8
Chevilly-Larue (94021);10,2
Choisy-le-Roi (94022);15,7
Créteil (94028);14,9
Fontenay-sous-Bois (94033);13,7
Fresnes (94034);8,7
Gentilly (94037);15,8
Haÿ-les-Roses (94038);11,8
Ivry-sur-Seine (94041);16,8
Joinville-le-Pont (94042);11,8
Kremlin-Bicêtre (94043);13,9
Limeil-Brévannes (94044);11,2
Maisons-Alfort (94046);10,1
Mandres-les-Roses (94047);9,1
Marolles-en-Brie (94048);7,8
Nogent-sur-Marne (94052);9,7
Noiseau (94053);8,5
Orly (94054);18,0
Ormesson-sur-Marne (94055);8,8
Périgny (94056);7,7
Perreux-sur-Marne (94058);9,2
Plessis-Trévise (94059);8,8
Queue-en-Brie (94060);10,8
Rungis (94065);7,4
Saint-Mandé (94067);9,3
Saint-Maur-des-Fossés (94068);8,9
Saint-Maurice (94069);9,0
Santeny (94070);9,4
Sucy-en-Brie (94071);10,2
Thiais (94073);11,9
Valenton (94074);17,8
Villecresnes (94075);8,0
Villejuif (94076);15,2
Villeneuve-le-Roi (94077);12,8
Villeneuve-Saint-Georges (94078);17,2
Villiers-sur-Marne (94079);10,7
Vincennes (94080);9,6
Vitry-sur-Seine (94081);17,7
Ableiges (95002);8,8
Aincourt (95008);8,2
Ambleville (95011);13,1
Amenucourt (95012);12,5
Andilly (95014);9,9
Argenteuil (95018);18,3
Arnouville (95019);16,5
Arronville (95023);8,9
Arthies (95024);8,9
Asnières-sur-Oise (95026);7,9
Attainville (95028);9,7
Auvers-sur-Oise (95039);9,6
Avernes (95040);8,8
Baillet-en-France (95042);7,0
Banthelu (95046);5,2
Beauchamp (95051);10,4
Beaumont-sur-Oise (95052);14,0
Bellay-en-Vexin (95054);8,5
Bellefontaine (95055);7,8
Belloy-en-France (95056);7,2
Bernes-sur-Oise (95058);13,4
Berville (95059);5,5
Bessancourt (95060);9,7
Béthemont-la-Forêt (95061);9,7
Bezons (95063);16,0
Boisemont (95074);10,4
Boissy-l'Aillerie (95078);12,0
Bonneuil-en-France (95088);17,5
Bouffémont (95091);11,5
Bouqueval (95094);11,3
Bray-et-Lû (95101);10,5
Bréançon (95102);7,3
Brignancourt (95110);9,0
Bruyères-sur-Oise (95116);12,4
Buhy (95119);10,7
Butry-sur-Oise (95120);10,1
Cergy (95127);16,2
Champagne-sur-Oise (95134);11,0
Chapelle-en-Vexin (95139);9,8
Charmont (95141);11,1
Chars (95142);8,4
Châtenay-en-France (95144);4,5
Chaumontel (95149);7,5
Chaussy (95150);12,1
Chauvry (95151);12,2
Chennevières-lès-Louvres (95154);10,7
Chérence (95157);4,7
Cléry-en-Vexin (95166);5,1
Commeny (95169);8,0
Condécourt (95170);10,3
Cormeilles-en-Parisis (95176);9,4
Cormeilles-en-Vexin (95177);6,7
Courcelles-sur-Viosne (95181);6,2
Courdimanche (95183);9,9
Deuil-la-Barre (95197);10,0
Domont (95199);9,5
Eaubonne (95203);10,4
Écouen (95205);9,0
Enghien-les-Bains (95210);10,1
Ennery (95211);6,7
Épiais-lès-Louvres (95212);7,5
Épiais-Rhus (95213);6,1
Épinay-Champlâtreux (95214);6,5
Éragny (95218);11,8
Ermont (95219);11,6
Ézanville (95229);11,2
Fontenay-en-Parisis (95241);7,3
Fosses (95250);11,1
Franconville (95252);12,6
Frémainville (95253);8,7
Frémécourt (95254);6,2
Frépillon (95256);7,6
Frette-sur-Seine (95257);9,3
Frouville (95258);6,4
Gadancourt (95259);2,8
Garges-lès-Gonesse (95268);21,7
Genainville (95270);5,4
Génicourt (95271);6,6
Gonesse (95277);17,0
Goussainville (95280);17,8
Gouzangrez (95282);4,5
Grisy-les-Plâtres (95287);10,6
Groslay (95288);11,0
Guiry-en-Vexin (95295);8,5
Haravilliers (95298);5,3
Haute-Isle (95301);13,2
Heaulme (95303);5,3
Hédouville (95304);6,5
Herblay (95306);9,6
Hérouville (95308);6,8
Hodent (95309);5,4
Isle-Adam (95313);10,1
Jagny-sous-Bois (95316);5,7
Jouy-le-Moutier (95323);11,3
Labbeville (95328);5,8
Lassy (95331);2,1
Livilliers (95341);6,5
Longuesse (95348);7,5
Louvres (95351);12,6
Luzarches (95352);9,7
Maffliers (95353);6,3
Magny-en-Vexin (95355);14,6
Mareil-en-France (95365);8,4
Margency (95369);6,9
Marines (95370);9,7
Marly-la-Ville (95371);9,1
Maudétour-en-Vexin (95379);3,3
Menouville (95387);8,1
Menucourt (95388);9,3
Mériel (95392);8,2
Méry-sur-Oise (95394);8,8
Mesnil-Aubry (95395);7,3
Moisselles (95409);5,6
Montgeroult (95422);7,2
Montigny-lès-Cormeilles (95424);14,7
Montlignon (95426);8,3
Montmagny (95427);14,9
Montmorency (95428);10,9
Montreuil-sur-Epte (95429);10,4
Montsoult (95430);8,2
Mours (95436);6,5
Moussy (95438);7,5
Nerville-la-Forêt (95445);6,2
Nesles-la-Vallée (95446);7,3
Neuilly-en-Vexin (95447);7,4
Neuville-sur-Oise (95450);7,8
Nointel (95452);7,0
Noisy-sur-Oise (95456);7,1
Nucourt (95459);8,6
Omerville (95462);11,4
Osny (95476);11,6
Parmain (95480);9,1
Perchay (95483);10,4
Persan (95487);17,3
Pierrelaye (95488);12,6
Piscop (95489);9,2
Plessis-Bouchard (95491);8,7
Plessis-Gassot (95492);2,4
Plessis-Luzarches (95493);8,0
Pontoise (95500);12,6
Presles (95504);7,6
Puiseux-en-France (95509);9,2
Puiseux-Pontoise (95510);9,4
Roche-Guyon (95523);12,2
Roissy-en-France (95527);9,8
Ronquerolles (95529);8,9
Sagy (95535);6,4
Saint-Brice-sous-Forêt (95539);11,9
Saint-Clair-sur-Epte (95541);17,6
Saint-Cyr-en-Arthies (95543);8,3
Saint-Gervais (95554);5,8
Saint-Gratien (95555);13,7
Saint-Leu-la-Forêt (95563);10,1
Saint-Martin-du-Tertre (95566);9,7
Saint-Ouen-l'Aumône (95572);13,3
Saint-Prix (95574);9,8
Saint-Witz (95580);7,2
Sannois (95582);13,2
Santeuil (95584);7,4
Sarcelles (95585);22,0
Seraincourt (95592);8,3
Seugy (95594);8,9
Soisy-sous-Montmorency (95598);12,0
Survilliers (95604);10,5
Taverny (95607);10,4
Théméricourt (95610);8,0
Theuville (95611);0,0
Thillay (95612);12,8
Us (95625);6,9
Vallangoujard (95627);6,5
Valmondois (95628);9,7
Vaudherland (95633);14,0
Vauréal (95637);11,2
Vémars (95641);9,4
Vétheuil (95651);8,5
Viarmes (95652);9,9
Vienne-en-Arthies (95656);11,4
Vigny (95658);10,5
Villaines-sous-Bois (95660);7,9
Villeron (95675);7,1
Villers-en-Arthies (95676);8,2
Villiers-Adam (95678);8,5
Villiers-le-Bel (95680);20,4
Villiers-le-Sec (95682);12,2
Wy-dit-Joli-Village (95690);4,4