code,name,party
75056,Paris,PS
77001,Achères-la-Forêt,DVD
77002,Amillis,NA
77003,Amponville,NA
77004,Andrezel,NA
77005,Annet-sur-Marne,DVD
77006,Arbonne-la-Forêt,DVG
77007,Argentières,NA
77008,Armentières-en-Brie,DVD
77009,Arville,NA
77010,Aubepierre-Ozouer-le-Repos,UMP-LR
77011,Aufferville,NA
77012,Augers-en-Brie,NA
77013,Aulnoy,NA
77014,Avon,DVD
77015,Baby,NA
77016,Bagneaux-sur-Loing,DVG
77018,Bailly-Romainvilliers,UMP-LR
77019,Balloy,NA
77020,Bannost-Villegagnon,NA
77021,Barbey,NA
77022,Barbizon,DVD
77023,Barcy,NA
77024,Bassevelle,NA
77025,Bazoches-lès-Bray,NA
77026,Beauchery-Saint-Martin,NA
77027,Beaumont-du-Gâtinais,DVD
77028,Beautheil,NA
77029,Beauvoir,UMP-LR
77030,Bellot,NA
77031,Bernay-Vilbert,NA
77032,Beton-Bazoches,NA
77033,Bezalles,NA
77034,Blandy,NA
77035,Blennes,NA
77036,Boisdon,NA
77037,Bois-le-Roi,DVD
77038,Boissettes,NA
77039,Boissise-la-Bertrand,SE
77040,Boissise-le-Roi,DVD
77041,Boissy-aux-Cailles,NA
77042,Boissy-le-Châtel,DVD
77043,Boitron,NA
77044,Bombon,NA
77045,Bougligny,NA
77046,Boulancourt,NA
77047,Bouleurs,DVD
77048,Bourron-Marlotte,DVD
77049,Boutigny,NA
77050,Bransles,SE
77051,Bray-sur-Seine,PS
77052,Bréau,NA
77053,Brie-Comte-Robert,PS
77054,La Brosse-Montceaux,NA
77055,Brou-sur-Chantereine,UDI
77056,Burcy,NA
77057,Bussières,NA
77058,Bussy-Saint-Georges,UMP-LR
77059,Bussy-Saint-Martin,DVD
77060,Buthiers,NA
77061,Cannes-Ecluse,PS
77062,Carnetin,DVD
77063,La Celle-sur-Morin,SE
77065,Cély,DVD
77066,Cerneux,NA
77067,Cesson,DVD
77068,Cessoy-en-Montois,NA
77069,Chailly-en-Bière,DVD
77070,Chailly-en-Brie,DVD
77071,Chaintreaux,NA
77072,Chalautre-la-Grande,NA
77073,Chalautre-la-Petite,NA
77075,Chalifert,DVG
77076,Chalmaison,NA
77077,Chambry,NA
77078,Chamigny,DVD
77079,Champagne-sur-Seine,PS
77080,Champcenest,NA
77081,Champdeuil,PS
77082,Champeaux,NA
77083,Champs-sur-Marne,PCF
77084,Changis-sur-Marne,DVD
77085,Chanteloup-en-Brie,PS
77086,La Chapelle-Gauthier,DVD
77087,La Chapelle-Iger,NA
77088,La Chapelle-la-Reine,DVD
77089,La Chapelle-Rablais,NA
77090,La Chapelle-Saint-Sulpice,NA
77091,Les Chapelles-Bourbon,NA
77093,La Chapelle-Moutils,NA
77094,Charmentray,NA
77095,Charny,DVD
77096,Chartrettes,DVD
77097,Chartronges,NA
77098,Châteaubleau,NA
77099,Château-Landon,DVD
77100,Le Châtelet-en-Brie,DVD
77101,Châtenay-sur-Seine,NA
77102,Châtenoy,NA
77103,Châtillon-la-Borde,NA
77104,Châtres,NA
77106,Chauffry,DVD
77107,Chaumes-en-Brie,DVG
77108,Chelles,UMP-LR
77109,Chenoise,DVD
77110,Chenou,NA
77111,Chessy,DVD
77112,Chevrainvilliers,NA
77113,Chevru,DVD
77114,Chevry-Cossigny,SE
77115,Chevry-en-Sereine,NA
77116,Choisy-en-Brie,UMP-LR
77117,Citry,NA
77118,Claye-Souilly,UMP-LR
77119,Clos-Fontaine,NA
77120,Cocherel,NA
77121,Collégien,PS
77122,Combs-la-Ville,UMP-LR
77123,Compans,PCF
77124,Conches-sur-Gondoire,UMP-LR
77125,Condé-Sainte-Libiaire,UMP-LR
77126,Congis-sur-Thérouanne,PS
77127,Coubert,DVD
77128,Couilly-Pont-aux-Dames,SE
77129,Coulombs-en-Valois,NA
77130,Coulommes,NA
77131,Coulommiers,UMP-LR
77132,Coupvray,DVD
77133,Courcelles-en-Bassée,NA
77134,Courchamp,NA
77135,Courpalay,NA
77136,Courquetaine,UMP-LR
77137,Courtacon,NA
77138,Courtomer,NA
77139,Courtry,UMP-LR
77140,Coutençon,NA
77141,Coutevroult,SE
77142,Crécy-la-Chapelle,UMP-LR
77143,Crégy-lès-Meaux,PS
77144,Crèvecoeur-en-Brie,NA
77145,Crisenoy,NA
77146,Croissy-Beaubourg,UMP-LR
77147,La Croix-en-Brie,NA
77148,Crouy-sur-Ourcq,DVD
77149,Cucharmoy,NA
77150,Cuisy,NA
77151,Dagny,NA
77152,Dammarie-les-Lys,UMP-LR
77153,Dammartin-en-Goële,UMP-LR
77154,Dammartin-sur-Tigeaux,UMP-LR
77155,Dampmart,UMP-LR
77156,Darvault,NA
77157,Dhuisy,NA
77158,Diant,UMP-LR
77159,Donnemarie-Dontilly,DVG
77161,Dormelles,NA
77162,Doue,DVG
77163,Douy-la-Ramée,NA
77164,Echouboulains,NA
77165,Les Ecrennes,NA
77166,Ecuelles,PS
77167,Egligny,NA
77168,Egreville,DVD
77169,Emerainville,UMP-LR
77170,Episy,NA
77171,Esbly,UMP-LR
77172,Esmans,NA
77173,Etrépilly,NA
77174,Everly,NA
77175,Evry-Grégy-sur-Yerre,UMP-LR
77176,Faremoutiers,UMP-LR
77177,Favières,DVG
77178,Faÿ-lès-Nemours,NA
77179,Féricy,NA
77180,Férolles-Attilly,DVD
77181,Ferrières-en-Brie,UMP-LR
77182,La Ferté-Gaucher,DVD
77183,La Ferté-sous-Jouarre,UMP-LR
77184,Flagy,NA
77185,Fleury-en-Bière,NA
77186,Fontainebleau,UDI
77187,Fontaine-Fourches,NA
77188,Fontaine-le-Port,NA
77190,Fontains,NA
77191,Fontenailles,DVD
77192,Fontenay-Trésigny,DVG
77193,Forfry,NA
77194,Forges,NA
77195,Fouju,NA
77196,Fresnes-sur-Marne,NA
77197,Frétoy,NA
77198,Fromont,NA
77199,Fublaines,DVD
77200,Garentreville,NA
77201,Gastins,NA
77202,La Genevraye,NA
77203,Germigny-l'Evêque,DVD
77204,Germigny-sous-Coulombs,NA
77205,Gesvres-le-Chapitre,NA
77206,Giremoutiers,SE
77207,Gironville,NA
77208,Gouaix,NA
77209,Gouvernes,DVD
77210,La Grande-Paroisse,NA
77211,Grandpuits-Bailly-Carrois,DVD
77212,Gravon,NA
77214,Gressy,UMP-LR
77215,Gretz-Armainvilliers,DVD
77216,Grez-sur-Loing,DVD
77217,Grisy-Suisnes,DVD
77218,Grisy-sur-Seine,NA
77219,Guérard,DVD
77220,Guercheville,NA
77221,Guermantes,DVD
77222,Guignes,DVD
77223,Gurcy-le-Châtel,NA
77224,Hautefeuille,NA
77225,La Haute-Maison,NA
77226,Héricy,DVD
77227,Hermé,NA
77228,Hondevilliers,NA
77229,La Houssaye-en-Brie,DVD
77230,Ichy,NA
77231,Isles-les-Meldeuses,NA
77232,Isles-lès-Villenoy,NA
77233,Iverny,NA
77234,Jablines,NA
77235,Jaignes,NA
77236,Jaulnes,NA
77237,Jossigny,NA
77238,Jouarre,DVD
77239,Jouy-le-Châtel,DVD
77240,Jouy-sur-Morin,UMP-LR
77241,Juilly,DVD
77242,Jutigny,NA
77243,Lagny-sur-Marne,UDI
77244,Larchant,NA
77245,Laval-en-Brie,NA
77246,Léchelle,NA
77247,Lescherolles,NA
77248,Lesches,NA
77249,Lésigny,UMP-LR
77250,Leudon-en-Brie,NA
77251,Lieusaint,PS
77252,Limoges-Fourches,NA
77253,Lissy,NA
77254,Liverdy-en-Brie,DVD
77255,Livry-sur-Seine,DVG
77256,Lizines,NA
77257,Lizy-sur-Ourcq,UMP-LR
77258,Lognes,PS
77259,Longperrier,UMP-LR
77260,Longueville,DVG
77261,Lorrez-le-Bocage-Préaux,DVD
77262,Louan-Villegruis-Fontaine,NA
77263,Luisetaines,NA
77264,Lumigny-Nesles-Ormeaux,DVG
77265,Luzancy,DVD
77266,Machault,NA
77267,La Madeleine-sur-Loing,UMP-LR
77268,Magny-le-Hongre,UMP-LR
77269,Maincy,DVD
77270,Maisoncelles-en-Brie,UMP-LR
77271,Maisoncelles-en-Gâtinais,NA
77272,Maison-Rouge,UMP-LR
77273,Marchémoret,NA
77274,Marcilly,DVD
77275,Les Marêts,NA
77276,Mareuil-lès-Meaux,DVD
77277,Marles-en-Brie,DVD
77278,Marolles-en-Brie,NA
77279,Marolles-sur-Seine,DVD
77280,Mary-sur-Marne,UMP-LR
77281,Mauperthuis,NA
77282,Mauregard,NA
77283,May-en-Multien,NA
77284,Meaux,UMP-LR
77285,Le Mée-sur-Seine,UDI
77286,Meigneux,NA
77287,Meilleray,NA
77288,Melun,UMP-LR
77289,Melz-sur-Seine,NA
77290,Méry-sur-Marne,NA
77291,Le Mesnil-Amelot,NA
77292,Messy,DVG
77293,Misy-sur-Yonne,NA
77294,Mitry-Mory,PCF
77295,Moisenay,DVG
77296,Moissy-Cramayel,PS
77297,Mondreville,NA
77298,Mons-en-Montois,NA
77299,Montarlot,NA
77300,Montceaux-lès-Meaux,NA
77301,Montceaux-lès-Provins,UMP-LR
77302,Montcourt-Fromonville,PS
77303,Montdauphin,NA
77304,Montenils,NA
77305,Montereau-Fault-Yonne,UDI
77306,Montereau-sur-le-Jard,NA
77307,Montévrain,UMP-LR
77308,Montgé-en-Goële,NA
77309,Monthyon,DVD
77310,Montigny-le-Guesdier,NA
77311,Montigny-Lencoup,UMP-LR
77312,Montigny-sur-Loing,UDI
77313,Montmachoux,NA
77314,Montolivet,NA
77315,Montry,DVG
77316,Moret-sur-Loing,UDI
77317,Mormant,DVD
77318,Mortcerf,DVD
77319,Mortery,NA
77320,Mouroux,DVD
77321,Mousseaux-lès-Bray,SE
77322,Moussy-le-Neuf,DVD
77323,Moussy-le-Vieux,DVG
77325,Mouy-sur-Seine,NA
77326,Nandy,PS
77327,Nangis,PCF
77328,Nanteau-sur-Essonne,NA
77329,Nanteau-sur-Lunain,NA
77330,Nanteuil-lès-Meaux,DVD
77331,Nanteuil-sur-Marne,NA
77332,Nantouillet,NA
77333,Nemours,UMP-LR
77335,Chauconin-Neufmontiers,FG
77336,Neufmoutiers-en-Brie,UMP-LR
77337,Noisiel,PS
77338,Noisy-Rudignon,NA
77339,Noisy-sur-Ecole,DVD
77340,Nonville,NA
77341,Noyen-sur-Seine,NA
77342,Obsonville,NA
77343,Ocquerre,NA
77344,Oissery,DVD
77345,Orly-sur-Morin,NA
77347,Les Ormes-sur-Voulzie,SE
77348,Ormesson,NA
77349,Othis,DVG
77350,Ozoir-la-Ferrière,UMP-LR
77352,Ozouer-le-Voulgis,SE
77353,Paley,NA
77354,Pamfou,DVG
77355,Paroy,NA
77356,Passy-sur-Seine,NA
77357,Pécy,SE
77358,Penchard,DVD
77359,Perthes,UMP-LR
77360,Pézarches,NA
77361,Pierre-Levée,NA
77363,Le Pin,DVD
77364,Le Plessis-aux-Bois,NA
77365,Le Plessis-Feu-Aussoux,NA
77366,Le Plessis-l'Evêque,NA
77367,Le Plessis-Placy,NA
77368,Poigny,NA
77369,Poincy,NA
77370,Poligny,NA
77371,Pommeuse,SE
77372,Pomponne,DVD
77373,Pontault-Combault,PS
77374,Pontcarré,PS
77376,Précy-sur-Marne,NA
77377,Presles-en-Brie,DVD
77378,Pringy,DVD
77379,Provins,UMP-LR
77380,Puisieux,NA
77381,Quiers,NA
77382,Quincy-Voisins,PCF
77383,Rampillon,NA
77384,Réau,DVD
77385,Rebais,SE
77386,Recloses,NA
77387,Remauville,NA
77388,Reuil-en-Brie,NA
77389,La Rochette,UDI
77390,Roissy-en-Brie,UMP-LR
77391,Rouilly,NA
77392,Rouvres,NA
77393,Rozay-en-Brie,UMP-LR
77394,Rubelles,DVG
77395,Rumont,NA
77396,Rupéreux,NA
77397,Saâcy-sur-Marne,DVD
77398,Sablonnières,NA
77399,Saint-Ange-le-Viel,NA
77400,Saint-Augustin,UMP-LR
77401,Sainte-Aulde,NA
77402,Saint-Barthélemy,NA
77403,Saint-Brice,NA
77404,Sainte-Colombe,SE
77405,Saint-Cyr-sur-Morin,DVG
77406,Saint-Denis-lès-Rebais,UMP-LR
77407,Saint-Fargeau-Ponthierry,UMP-LR
77408,Saint-Fiacre,NA
77409,Saint-Germain-Laval,DVG
77410,Saint-Germain-Laxis,NA
77411,Saint-Germain-sous-Doue,NA
77412,Saint-Germain-sur-Ecole,NA
77413,Saint-Germain-sur-Morin,DVD
77414,Saint-Hilliers,NA
77415,Saint-Jean-les-Deux-Jumeaux,DVD
77416,Saint-Just-en-Brie,NA
77417,Saint-Léger,NA
77418,Saint-Loup-de-Naud,NA
77419,Saint-Mammès,DVG
77420,Saint-Mard,UMP-LR
77421,Saint-Mars-Vieux-Maisons,NA
77423,Saint-Martin-des-Champs,NA
77424,Saint-Martin-du-Boschet,NA
77425,Saint-Martin-en-Bière,NA
77426,Saint-Méry,NA
77427,Saint-Mesmes,NA
77428,Saint-Ouen-en-Brie,PRG
77429,Saint-Ouen-sur-Morin,NA
77430,Saint-Pathus,DVG
77431,Saint-Pierre-lès-Nemours,DVD
77432,Saint-Rémy-la-Vanne,NA
77433,Saints,UMP-LR
77434,Saint-Sauveur-lès-Bray,NA
77435,Saint-Sauveur-sur-Ecole,DVD
77436,Saint-Siméon,NA
77437,Saint-Soupplets,UMP-LR
77438,Saint-Thibault-des-Vignes,UMP-LR
77439,Salins,UDI
77440,Sammeron,DVG
77441,Samois-sur-Seine,UDI
77442,Samoreau,UMP-LR
77443,Sancy,NA
77444,Sancy-lès-Provins,NA
77445,Savigny-le-Temple,NA
77446,Savins,NA
77447,Seine-Port,UMP-LR
77448,Sept-Sorts,NA
77449,Serris,UDI
77450,Servon,PS
77451,Signy-Signets,NA
77452,Sigy,NA
77453,Sivry-Courtry,DVD
77454,Sognolles-en-Montois,NA
77455,Soignolles-en-Brie,DVG
77456,Soisy-Bouy,NA
77457,Solers,DVD
77458,Souppes-sur-Loing,NA
77459,Sourdun,DVD
77460,Tancrou,PS
77461,Thénisy,NA
77462,Thieux,NA
77463,Thomery,DVD
77464,Thorigny-sur-Marne,NA
77465,Thoury-Férottes,NA
77466,Tigeaux,NA
77467,La Tombe,NA
77468,Torcy,PS
77469,Touquin,DVD
77470,Tournan-en-Brie,PS
77471,Tousson,NA
77472,La Trétoire,NA
77473,Treuzy-Levelay,NA
77474,Trilbardou,NA
77475,Trilport,PS
77476,Trocy-en-Multien,NA
77477,Ury,NA
77478,Ussy-sur-Marne,NA
77479,Vaires-sur-Marne,UMP-LR
77480,Valence-en-Brie,NA
77481,Vanvillé,NA
77482,Varennes-sur-Seine,PCF
77483,Varreddes,DVD
77484,Vaucourtois,NA
77485,Le Vaudoué,DVD
77486,Vaudoy-en-Brie,NA
77487,Vaux-le-Pénil,DVG
77489,Vaux-sur-Lunain,NA
77490,Vendrest,SE
77491,Veneux-les-Sablons,PS
77492,Verdelot,NA
77493,Verneuil-l'Etang,PS
77494,Vernou-la-Celle-sur-Seine,DVG
77495,Vert-Saint-Denis,PS
77496,Vieux-Champagne,NA
77498,Vignely,NA
77500,Villebéon,NA
77501,Villecerf,NA
77504,Villemaréchal,NA
77505,Villemareuil,NA
77506,Villemer,NA
77507,Villenauxe-la-Petite,NA
77508,Villeneuve-le-Comte,DVD
77509,Villeneuve-les-Bordes,UMP-LR
77510,Villeneuve-Saint-Denis,DVD
77511,Villeneuve-sous-Dammartin,UMP-LR
77512,Villeneuve-sur-Bellot,UMP-LR
77513,Villenoy,DVG
77514,Villeparisis,UMP-LR
77515,Villeroy,PS
77516,Ville-Saint-Jacques,NA
77517,Villevaudé,UMP-LR
77518,Villiers-en-Bière,SE
77519,Villiers-Saint-Georges,UMP-LR
77520,Villiers-sous-Grez,NA
77521,Villiers-sur-Morin,DVD
77522,Villiers-sur-Seine,NA
77523,Villuis,NA
77524,Vimpelles,NA
77525,Vinantes,NA
77526,Vincy-Manoeuvre,NA
77527,Voinsles,PS
77528,Voisenon,UDI
77529,Voulangis,UMP-LR
77530,Voulton,NA
77531,Voulx,DVD
77532,Vulaines-lès-Provins,NA
77533,Vulaines-sur-Seine,DVD
77534,Yèbles,NA
78003,Ablis,DVG
78005,Achères,UMP-LR
78006,Adainville,SE
78007,Aigremont,UMP-LR
78009,Allainville,SE
78010,Les Alluets-le-Roi,NA
78013,Andelu,SE
78015,Andrésy,UMP-LR
78020,Arnouville-lès-Mantes,DVD
78029,Aubergenville,UMP-LR
78030,Auffargis,DVD
78031,Auffreville-Brasseuil,NA
78033,Aulnay-sur-Mauldre,DVD
78034,Auteuil-le-Roi,DVD
78036,Autouillet,DVD
78043,Bailly,UMP-LR
78048,Bazainville,NA
78049,Bazemont,NA
78050,Bazoches-sur-Guyonne,SE
78053,Béhoust,NA
78057,Bennecourt,DVG
78062,Beynes,DVD
78068,Blaru,PS
78070,Boinville-en-Mantois,NA
78071,Boinville-le-Gaillard,NA
78072,Boinvilliers,NA
78073,Bois-d'Arcy,UMP-LR
78076,Boissets,NA
78077,La Boissière-Ecole,NA
78082,Boissy-Mauvoisin,NA
78084,Boissy-sans-Avoir,NA
78087,Bonnelles,DVG
78089,Bonnières-sur-Seine,PS
78090,Bouafle,NA
78092,Bougival,DVD
78096,Bourdonné,NA
78104,Breuil-Bois-Robert,NA
78107,Bréval,NA
78108,Les Bréviaires,DVD
78113,Brueil-en-Vexin,NA
78117,Buc,UMP-LR
78118,Buchelay,UDI
78120,Bullion,NA
78123,Carrières-sous-Poissy,SE
78124,Carrières-sur-Seine,DVD
78125,La Celle-les-Bordes,NA
78126,La Celle-Saint-Cloud,UMP-LR
78128,Cernay-la-Ville,DVD
78133,Chambourcy,UMP-LR
78138,Chanteloup-les-Vignes,UMP-LR
78140,Chapet,SE
78143,Châteaufort,UMP-LR
78146,Chatou,UMP-LR
78147,Chaufour-lès-Bonnières,NA
78152,Chavenay,DVD
78158,Le Chesnay,DVD
78160,Chevreuse,UMP-LR
78162,Choisel,NA
78163,Civry-la-Forêt,NA
78164,Clairefontaine-en-Yvelines,NA
78165,Les Clayes-sous-Bois,UDI
78168,Coignières,DVD
78171,Condé-sur-Vesgre,DVD
78172,Conflans-Sainte-Honorine,UMP-LR
78185,Courgent,NA
78188,Cravent,NA
78189,Crespières,NA
78190,Croissy-sur-Seine,DVD
78192,Dammartin-en-Serve,DVG
78193,Dampierre-en-Yvelines,NA
78194,Dannemarie,NA
78196,Davron,NA
78202,Drocourt,DVD
78206,Ecquevilly,NA
78208,Elancourt,UMP-LR
78209,Emancé,NA
78217,Epône,UMP-LR
78220,Les Essarts-le-Roi,DVD
78224,L'Etang-la-Ville,UMP-LR
78227,Evecquemont,EELV
78230,La Falaise,SE
78231,Favrieux,NA
78233,Feucherolles,DVD
78234,Flacourt,NA
78236,Flexanville,NA
78237,Flins-Neuve-Eglise,NA
78238,Flins-sur-Seine,DVD
78239,Follainville-Dennemont,DVD
78242,Fontenay-le-Fleury,UMP-LR
78245,Fontenay-Mauvoisin,NA
78246,Fontenay-Saint-Père,NA
78251,Fourqueux,UMP-LR
78255,Freneuse,UMP-LR
78261,Gaillon-sur-Montcient,NA
78262,Galluis,DVD
78263,Gambais,DVD
78264,Gambaiseuil,NA
78265,Garancières,DVD
78267,Gargenville,UDI
78269,Gazeran,NA
78276,Gommecourt,SE
78278,Goupillières,NA
78281,Goussonville,NA
78283,Grandchamp,NA
78285,Gressey,NA
78289,Grosrouvre,NA
78290,Guernes,NA
78291,Guerville,DVD
78296,Guitrancourt,NA
78297,Guyancourt,PS
78299,Hardricourt,DVD
78300,Hargeville,NA
78302,La Hauteville,NA
78305,Herbeville,NA
78307,Hermeray,NA
78310,Houdan,UMP-LR
78311,Houilles,DVD
78314,Issou,DVG
78317,Jambville,NA
78320,Jeufosse,NA
78321,Jouars-Pontchartrain,UMP-LR
78322,Jouy-en-Josas,DVD
78324,Jouy-Mauvoisin,NA
78325,Jumeauville,NA
78327,Juziers,DVG
78329,Lainville-en-Vexin,SE
78334,Lévis-Saint-Nom,DVD
78335,Limay,PCF
78337,Limetz-Villez,DVD
78343,Les Loges-en-Josas,DVD
78344,Lommoye,NA
78346,Longnes,NA
78349,Longvilliers,NA
78350,Louveciennes,UMP-LR
78354,Magnanville,PCF
78356,Magny-les-Hameaux,PS
78358,Maisons-Laffitte,UMP-LR
78361,Mantes-la-Jolie,UMP-LR
78362,Mantes-la-Ville,FN
78364,Marcq,PRG
78366,Mareil-le-Guyon,NA
78367,Mareil-Marly,DVD
78368,Mareil-sur-Mauldre,SE
78372,Marly-le-Roi,UMP-LR
78380,Maule,UMP-LR
78381,Maulette,SE
78382,Maurecourt,PS
78383,Maurepas,UMP-LR
78384,Médan,DVD
78385,Ménerville,NA
78389,Méré,DVD
78391,Méricourt,MoDem
78396,Le Mesnil-le-Roi,UMP-LR
78397,Le Mesnil-Saint-Denis,UDI
78398,Les Mesnuls,NA
78401,Meulan-en-Yvelines,DVD
78402,Mézières-sur-Seine,DVD
78403,Mézy-sur-Seine,NA
78404,Millemont,NA
78406,Milon-la-Chapelle,NA
78407,Mittainville,NA
78410,Moisson,NA
78413,Mondreville,NA
78415,Montainville,NA
78416,Montalet-le-Bois,NA
78417,Montchauvet,SE
78418,Montesson,DVD
78420,Montfort-l'Amaury,UMP-LR
78423,Montigny-le-Bretonneux,UDI
78431,Morainvilliers,UMP-LR
78437,Mousseaux-sur-Seine,DVD
78439,Mulcent,NA
78440,Les Mureaux,PS
78442,Neauphle-le-Château,DVD
78443,Neauphle-le-Vieux,NA
78444,Neauphlette,NA
78451,Nézel,NA
78455,Noisy-le-Roi,UDI
78460,Oinville-sur-Montcient,NA
78464,Orcemont,NA
78465,Orgerus,NA
78466,Orgeval,UMP-LR
78470,Orphin,NA
78472,Orsonville,DVD
78474,Orvilliers,NA
78475,Osmoy,NA
78478,Paray-Douaville,NA
78481,Le Pecq,UMP-LR
78484,Perdreauville,NA
78486,Le Perray-en-Yvelines,PS
78490,Plaisir,UMP-LR
78497,Poigny-la-Forêt,NA
78498,Poissy,DVD
78499,Ponthévrard,NA
78501,Porcheville,DVD
78502,Le Port-Marly,UMP-LR
78503,Port-Villez,NA
78505,Prunay-le-Temple,NA
78506,Prunay-en-Yvelines,NA
78513,La Queue-les-Yvelines,NA
78516,Raizeux,NA
78517,Rambouillet,UMP-LR
78518,Rennemoulin,SE
78520,Richebourg,DVD
78522,Rochefort-en-Yvelines,NA
78524,Rocquencourt,UMP-LR
78528,Rolleboise,DVD
78530,Rosay,NA
78531,Rosny-sur-Seine,DVD
78536,Sailly,NA
78537,Saint-Arnoult-en-Yvelines,PS
78545,Saint-Cyr-l'Ecole,UMP-LR
78548,Saint-Forget,NA
78550,Saint-Germain-de-la-Grange,DVD
78551,Saint-Germain-en-Laye,UMP-LR
78557,Saint-Hilarion,NA
78558,Saint-Illiers-la-Ville,NA
78559,Saint-Illiers-le-Bois,NA
78561,Saint-Lambert,DVD
78562,Saint-Léger-en-Yvelines,DVD
78564,Saint-Martin-de-Bréthencourt,NA
78565,Saint-Martin-des-Champs,NA
78567,Saint-Martin-la-Garenne,SE
78569,Sainte-Mesme,NA
78571,Saint-Nom-la-Bretèche,DVD
78575,Saint-Rémy-lès-Chevreuse,DVD
78576,Saint-Rémy-l'Honoré,DVD
78586,Sartrouville,UMP-LR
78588,Saulx-Marchais,NA
78590,Senlisse,NA
78591,Septeuil,NA
78597,Soindres,NA
78601,Sonchamp,DVD
78605,Tacoignières,DVD
78606,Le Tartre-Gaudran,NA
78608,Le Tertre-Saint-Denis,NA
78609,Tessancourt-sur-Aubette,NA
78615,Thiverval-Grignon,NA
78616,Thoiry,DVD
78618,Tilly,NA
78620,Toussus-le-Noble,DVD
78621,Trappes,PS
78623,Le Tremblay-sur-Mauldre,NA
78624,Triel-sur-Seine,UMP-LR
78638,Vaux-sur-Seine,SE
78640,Vélizy-Villacoublay,UMP-LR
78642,Verneuil-sur-Seine,UMP-LR
78643,Vernouillet,UMP-LR
78644,La Verrière,PCF
78646,Versailles,DVD
78647,Vert,NA
78650,Le Vésinet,DVD
78653,Vicq,NA
78655,Vieille-Eglise-en-Yvelines,NA
78668,La Villeneuve-en-Chevrie,NA
78672,Villennes-sur-Seine,DVD
78674,Villepreux,UMP-LR
78677,Villette,NA
78681,Villiers-le-Mahieu,NA
78683,Villiers-Saint-Fréderic,DVD
78686,Viroflay,UMP-LR
78688,Voisins-le-Bretonneux,UDI
91001,Abbéville-la-Rivière,SE
91016,Angerville,SE
91017,Angervilliers,DVD
91021,Arpajon,PS
91022,Arrancourt,DVD
91035,Authon-la-Plaine,NA
91037,Auvernaux,NA
91038,Auvers-Saint-Georges,UMP-LR
91041,Avrainville,DVD
91044,Ballainvilliers,UDI
91045,Ballancourt-sur-Essonne,SE
91047,Baulne,DVD
91064,Bièvres,UMP-LR
91067,Blandy,NA
91069,Boigneville,UMP-LR
91075,Bois-Herpin,NA
91079,Boissy-la-Rivière,NA
91080,Boissy-le-Cutté,DVG
91081,Boissy-le-Sec,SE
91085,Boissy-sous-Saint-Yon,DVD
91086,Bondoufle,DVD
91093,Boullay-les-Troux,SE
91095,Bouray-sur-Juine,UDI
91097,Boussy-Saint-Antoine,PS
91098,Boutervilliers,NA
91099,Boutigny-sur-Essonne,DVD
91100,Bouville,NA
91103,Brétigny-sur-Orge,UDI
91105,Breuillet,UMP-LR
91106,Breux-Jouy,DVG
91109,Brières-les-Scellés,SE
91111,Briis-sous-Forges,PCF
91112,Brouy,NA
91114,Brunoy,UMP-LR
91115,Bruyères-le-Châtel,DVD
91121,Buno-Bonnevaux,SE
91122,Bures-sur-Yvette,MoDem
91129,Cerny,UDI
91130,Chalo-Saint-Mars,DVD
91131,Chalou-Moulineux,NA
91132,Chamarande,DVD
91135,Champcueil,DVG
91136,Champlan,DVD
91137,Champmotteux,UMP-LR
91145,Chatignonville,DVD
91148,Chauffour-lès-Etréchy,NA
91156,Cheptainville,NA
91159,Chevannes,DVD
91161,Chilly-Mazarin,UMP-LR
91174,Corbeil-Essonnes,UMP-LR
91175,Corbreuse,NA
91179,Le Coudray-Montceaux,UMP-LR
91180,Courances,DVD
91182,Courcouronnes,UMP-LR
91184,Courdimanche-sur-Essonne,NA
91186,Courson-Monteloup,NA
91191,Crosne,DVD
91195,Dannemois,SE
91198,D'Huison-Longueville,NA
91200,Dourdan,PS
91201,Draveil,UMP-LR
91204,Echarcon,NA
91207,Egly,DVD
91215,Epinay-sous-Sénart,DVD
91216,Epinay-sur-Orge,UMP-LR
91222,Estouches,NA
91223,Etampes,UMP-LR
91225,Etiolles,DVD
91226,Etréchy,DVD
91228,Evry,PS
91232,La Ferté-Alais,MoDem
91235,Fleury-Mérogis,PS
91240,Fontaine-la-Rivière,NA
91243,Fontenay-lès-Briis,DVD
91244,Fontenay-le-Vicomte,DVD
91247,La Forêt-le-Roi,NA
91248,La Forêt-Sainte-Croix,UMP-LR
91249,Forges-les-Bains,DVD
91272,Gif-sur-Yvette,UMP-LR
91273,Gironville-sur-Essonne,NA
91274,Gometz-la-Ville,DVD
91275,Gometz-le-Châtel,DVD
91284,Les Granges-le-Roi,DVD
91286,Grigny,PCF
91292,Guibeville,PS
91293,Guigneville-sur-Essonne,NA
91294,Guillerval,DVD
91312,Igny,UDI
91315,Itteville,DVD
91318,Janville-sur-Juine,NA
91319,Janvry,NA
91326,Juvisy-sur-Orge,UMP-LR
91330,Lardy,UDI
91332,Leudeville,DVD
91333,Leuville-sur-Orge,DVG
91338,Limours en Hurepoix,DVD
91339,Linas,UDI
91340,Lisses,DVD
91345,Longjumeau,UMP-LR
91347,Longpont-sur-Orge,UDI
91359,Maisse,UMP-LR
91363,Marcoussis,PS
91374,Marolles-en-Beauce,NA
91376,Marolles-en-Hurepoix,UDI
91377,Massy,UDI
91378,Mauchamps,UMP-LR
91386,Mennecy,UDI
91390,Méréville,SE
91393,Mérobert,NA
91399,Mespuits,NA
91405,Milly-la-Forêt,UMP-LR
91408,Moigny-sur-Ecole,UMP-LR
91411,Les Molières,PS
91412,Mondeville,NA
91414,Monnerville,NA
91421,Montgeron,UMP-LR
91425,Montlhéry,UMP-LR
91432,Morangis,PS
91433,Morigny-Champigny,DVD
91434,Morsang-sur-Orge,PCF
91435,Morsang-sur-Seine,NA
91441,Nainville-les-Roches,NA
91457,La Norville,PS
91458,Nozay,SE
91461,Ollainville,DVG
91463,Oncy-sur-Ecole,UMP-LR
91468,Ormoy,DVD
91469,Ormoy-la-Rivière,NA
91471,Orsay,PS
91473,Orveau,SE
91477,Palaiseau,UMP-LR
91479,Paray-Vieille-Poste,SE
91482,Pecqueuse,DVD
91494,Le Plessis-Pâté,PS
91495,Plessis-Saint-Benoist,NA
91507,Prunay-sur-Essonne,NA
91508,Puiselet-le-Marais,DVD
91511,Pussay,DVG
91514,Quincy-sous-Sénart,UMP-LR
91519,Richarville,DVD
91521,Ris-Orangis,PS
91525,Roinville-sous-Dourdan,NA
91526,Roinvilliers,DVD
91533,Saclas,DVD
91534,Saclay,UMP-LR
91538,Saint-Aubin,NA
91540,Saint-Chéron,SE
91544,Saint-Cyr-la-Rivière,NA
91546,Saint-Cyr-sous-Dourdan,UMP-LR
91547,Saint-Escobille,NA
91549,Sainte-Geneviève-des-Bois,PS
91552,Saint-Germain-lès-Arpajon,DVD
91553,Saint-Germain-lès-Corbeil,DVD
91556,Saint-Hilaire,SE
91560,Saint-Jean-de-Beauregard,DVD
91568,Saint-Maurice-Montcouronne,DVD
91570,Saint-Michel-sur-Orge,UMP-LR
91573,Saint-Pierre-du-Perray,UMP-LR
91577,Saintry-sur-Seine,UDI
91578,Saint-Sulpice-de-Favières,DVD
91579,Saint-Vrain,UMP-LR
91581,Saint-Yon,MoDem
91587,Saulx-les-Chartreux,PCF
91589,Savigny-sur-Orge,UMP-LR
91593,Sermaise,UDI
91599,Soisy-sur-Ecole,SE
91600,Soisy-sur-Seine,SE
91602,Souzy-la-Briche,NA
91613,Congerville-Thionville,NA
91617,Tigery,DVG
91619,Torfou,NA
91629,Valpuiseaux,NA
91630,Le Val-Saint-Germain,NA
91631,Varennes-Jarcy,SE
91634,Vaugrigneuse,DVD
91635,Vauhallan,DVD
91639,Vayres-sur-Essonne,SE
91645,Verrières-le-Buisson,DVD
91648,Vert-le-Grand,NA
91649,Vert-le-Petit,UDI
91654,Videlles,NA
91657,Vigneux-sur-Seine,UMP-LR
91659,Villabé,SE
91661,Villebon-sur-Yvette,DVD
91662,Villeconin,NA
91665,La Ville-du-Bois,DVD
91666,Villejust,DVD
91667,Villemoisson-sur-Orge,DVD
91671,Villeneuve-sur-Auvers,NA
91679,Villiers-le-Bâcle,NA
91685,Villiers-sur-Orge,UMP-LR
91687,Viry-Chatillon,UDI
91689,Wissous,UMP-LR
91691,Yerres,UMP-LR
91692,Les Ulis,SE
92002,Antony,UMP-LR
92004,Asnières-sur-Seine,UMP-LR
92007,Bagneux,PCF
92009,Bois-Colombes,UMP-LR
92012,Boulogne-Billancourt,UMP-LR
92014,Bourg-la-Reine,UDI
92019,Châtenay-Malabry,UMP-LR
92020,Châtillon,UMP-LR
92022,Chaville,UMP-LR
92023,Clamart,UMP-LR
92024,Clichy,PS
92025,Colombes,UMP-LR
92026,Courbevoie,UMP-LR
92032,Fontenay-aux-Roses,DVD
92033,Garches,UMP-LR
92035,La Garenne-Colombes,UMP-LR
92036,Gennevilliers,PCF
92040,Issy-les-Moulineaux,UDI
92044,Levallois-Perret,UMP-LR
92046,Malakoff,PCF
92047,Marnes-la-Coquette,DVD
92048,Meudon,UDI
92049,Montrouge,UDI
92050,Nanterre,PCF
92051,Neuilly-sur-Seine,UDI
92060,Le Plessis-Robinson,UMP-LR
92062,Puteaux,PS
92063,Rueil-Malmaison,UMP-LR
92064,Saint-Cloud,UMP-LR
92071,Sceaux,UDI
92072,Sèvres,DVD
92073,Suresnes,UMP-LR
92075,Vanves,UDI
92076,Vaucresson,UMP-LR
92077,Ville-d'Avray,MoDem
92078,Villeneuve-la-Garenne,UMP-LR
93001,Aubervilliers,PCF
93005,Aulnay-sous-Bois,UMP-LR
93006,Bagnolet,PS
93007,Le Blanc-Mesnil,UMP-LR
93008,Bobigny,UDI
93010,Bondy,PS
93013,Le Bourget,UDI
93014,Clichy-sous-Bois,PS
93015,Coubron,UDI
93027,La Courneuve,PCF
93029,Drancy,UDI
93030,Dugny,UMP-LR
93031,Epinay-sur-Seine,MoDem
93032,Gagny,UMP-LR
93033,Gournay-sur-Marne,DVD
93039,L'Ile-Saint-Denis,EELV
93045,Les Lilas,PS
93046,Livry-Gargan,UMP-LR
93047,Montfermeil,UMP-LR
93048,Montreuil,PCF
93049,Neuilly-Plaisance,UMP-LR
93050,Neuilly-sur-Marne,PS
93051,Noisy-le-Grand,PS
93053,Noisy-le-Sec,UDI
93055,Pantin,PS
93057,Les Pavillons-sous-Bois,UMP-LR
93059,Pierrefitte-sur-Seine,PS
93061,Le Pré-Saint-Gervais,PS
93062,Le Raincy,DVD
93063,Romainville,PCF
93064,Rosny-sous-Bois,UMP-LR
93066,Saint-Denis,PCF
93070,Saint-Ouen,UDI
93071,Sevran,PCF
93072,Stains,PCF
93073,Tremblay-en-France,PCF
93074,Vaujours,UDI
93077,Villemomble,UMP-LR
93078,Villepinte,UMP-LR
93079,Villetaneuse,PCF
94001,Ablon-sur-Seine,UDI
94002,Alfortville,PS
94003,Arcueil,EELV
94004,Boissy-Saint-Léger,DVG
94011,Bonneuil-sur-Marne,NA
94015,Bry-sur-Marne,DVD
94016,Cachan,NA
94017,Champigny-sur-Marne,PCF
94018,Charenton-le-Pont,UMP-LR
94019,Chennevières-sur-Marne,NA
94021,Chevilly-Larue,PCF
94022,Choisy-le-Roi,PCF
94028,Créteil,PS
94033,Fontenay-sous-Bois,PCF
94034,Fresnes,PS
94037,Gentilly,PCF
94038,L'Hay-les-Roses,UMP-LR
94041,Ivry-sur-Seine,PCF
94042,Joinville-le-Pont,UMP-LR
94043,Le Kremlin-Bicêtre,DVG
94044,Limeil-Brévannes,UMP-LR
94046,Maisons-Alfort,UMP-LR
94047,Mandres-les-Roses,UMP-LR
94048,Marolles-en-Brie,UMP-LR
94052,Nogent-sur-Marne,UMP-LR
94053,Noiseau,UMP-LR
94054,Orly,DVG
94055,Ormesson-sur-Marne,UMP-LR
94056,Périgny-sur-Yerres,UMP-LR
94058,Le Perreux-sur-Marne,UMP-LR
94059,Le Plessis-Trévise,MoDem
94060,La Queue-en-Brie,UMP-LR
94065,Rungis,DVD
94067,Saint-Mandé,UMP-LR
94068,Saint-Maur-des-Fossés,UMP-LR
94069,Saint-Maurice,UMP-LR
94070,Santeny,DVD
94071,Sucy-en-Brie,UMP-LR
94073,Thiais,UMP-LR
94074,Valenton,PCF
94076,Villejuif,UMP-LR
94077,Villeneuve-le-Roi,UMP-LR
94078,Villeneuve-Saint-Georges,NA
94079,Villiers-sur-Marne,UMP-LR
94080,Vincennes,UDI
94081,Vitry-sur-Seine,PCF
